Cipu,Ra Luos,Endereço Cartorial,Setor,Quadra,Conjunto,Lote,Área de Projeto,Código ,Uos Parâmetro,Uos Setor,Padrão Cores,Inicio de Faixa,Fim de Faixa,Faixa de área,Coef. de aprov. básico,Coef. aprov. máximo,Taxa de ocupação,Taxa de permeabilidade,Altura máxima,Afast. de frente,Afast. de fundo,Afast. lat. direito,Afast. lat. esquerdo,Obs. de afastamento,Galeria,Cota de soleira,Notas específicas,Subsolo,Marquise em área pública,x,y
387.911,PARK WAY,MSPW CJ 520 LT 1,MSPW,*,CJ 520,LT 1,20.000,2401,RE 2,RE 2,RE 2,17.000,22.000,17000<a≤22000,"0,45","0,45",45,40,"9,5",5,5,5,5,*,NÃO INFORMADO,PONTO MÉDIO DA EDIFICAÇÃO,NÃO,PERMITIDO TIPO 1,PROIBIDO,*,
388.060,PARK WAY,MSPW CJ 523 LT 1,MSPW,*,CJ 523,LT 1,20.000,2401,RE 2,RE 2,RE 2,17.000,22.000,17000<a≤22000,"0,45","0,45",45,40,"9,5",5,5,5,5,*,NÃO INFORMADO,PONTO MÉDIO DA EDIFICAÇÃO,NÃO,PERMITIDO TIPO 1,PROIBIDO,*,
387.510,PARK WAY,MSPW CJ 527 LT 2,MSPW,*,CJ 527,LT 2,20.000,2401,RE 2,RE 2,RE 2,17.000,22.000,17000<a≤22000,"0,45","0,45",45,40,"9,5",5,5,5,5,*,NÃO INFORMADO,PONTO MÉDIO DA EDIFICAÇÃO,NÃO,PERMITIDO TIPO 1,PROIBIDO,*,
388.141,PARK WAY,MSPW CJ 522 LT 6,MSPW,*,CJ 522,LT 6,20.000,2401,RE 2,RE 2,RE 2,17.000,22.000,17000<a≤22000,"0,45","0,45",45,40,"9,5",5,5,5,5,*,NÃO INFORMADO,PONTO MÉDIO DA EDIFICAÇÃO,NÃO,PERMITIDO TIPO 1,PROIBIDO,*,
388.418,PARK WAY,MSPW CJ 522 LT 8,MSPW,*,CJ 522,LT 8,20.000,2401,RE 2,RE 2,RE 2,17.000,22.000,17000<a≤22000,"0,45","0,45",45,40,"9,5",5,5,5,5,*,NÃO INFORMADO,PONTO MÉDIO DA EDIFICAÇÃO,NÃO,PERMITIDO TIPO 1,PROIBIDO,*,
388.504,PARK WAY,MSPW CJ 523 LT 3,MSPW,*,CJ 523,LT 3,20.000,2401,RE 2,RE 2,RE 2,17.000,22.000,17000<a≤22000,"0,45","0,45",45,40,"9,5",5,5,5,5,*,NÃO INFORMADO,PONTO MÉDIO DA EDIFICAÇÃO,NÃO,PERMITIDO TIPO 1,PROIBIDO,*,
387.476,PARK WAY,MSPW CJ 522 LT 4,MSPW,*,CJ 522,LT 4,20.000,2401,RE 2,RE 2,RE 2,17.000,22.000,17000<a≤22000,"0,45","0,45",45,40,"9,5",5,5,5,5,*,NÃO INFORMADO,PONTO MÉDIO DA EDIFICAÇÃO,NÃO,PERMITIDO TIPO 1,PROIBIDO,*,
387.330,PARK WAY,MSPW CJ 528 LT 7,MSPW,*,CJ 528,LT 7,20.000,2401,RE 2,RE 2,RE 2,17.000,22.000,17000<a≤22000,"0,45","0,45",45,40,"9,5",5,5,5,5,*,NÃO INFORMADO,PONTO MÉDIO DA EDIFICAÇÃO,NÃO,PERMITIDO TIPO 1,PROIBIDO,*,
387.493,PARK WAY,MSPW CJ 524 LT 2,MSPW,*,CJ 524,LT 2,20.000,2401,RE 2,RE 2,RE 2,17.000,22.000,17000<a≤22000,"0,45","0,45",45,40,"9,5",5,5,5,5,*,NÃO INFORMADO,PONTO MÉDIO DA EDIFICAÇÃO,NÃO,PERMITIDO TIPO 1,PROIBIDO,*,
387.542,PARK WAY,MSPW CJ 522 LT 7,MSPW,*,CJ 522,LT 7,20.000,2401,RE 2,RE 2,RE 2,17.000,22.000,17000<a≤22000,"0,45","0,45",45,40,"9,5",5,5,5,5,*,NÃO INFORMADO,PONTO MÉDIO DA EDIFICAÇÃO,NÃO,PERMITIDO TIPO 1,PROIBIDO,*,
387.545,PARK WAY,MSPW CJ 526 LT 3,MSPW,*,CJ 526,LT 3,20.000,2401,RE 2,RE 2,RE 2,17.000,22.000,17000<a≤22000,"0,45","0,45",45,40,"9,5",5,5,5,5,*,NÃO INFORMADO,PONTO MÉDIO DA EDIFICAÇÃO,NÃO,PERMITIDO TIPO 1,PROIBIDO,*,
387.614,PARK WAY,MSPW CJ 531 LT 4,MSPW,*,CJ 531,LT 4,20.000,2401,RE 2,RE 2,RE 2,17.000,22.000,17000<a≤22000,"0,45","0,45",45,40,"9,5",5,5,5,5,*,NÃO INFORMADO,PONTO MÉDIO DA EDIFICAÇÃO,NÃO,PERMITIDO TIPO 1,PROIBIDO,*,
387.619,PARK WAY,MSPW CJ 525 LT 8,MSPW,*,CJ 525,LT 8,20.000,2401,RE 2,RE 2,RE 2,17.000,22.000,17000<a≤22000,"0,45","0,45",45,40,"9,5",5,5,5,5,*,NÃO INFORMADO,PONTO MÉDIO DA EDIFICAÇÃO,NÃO,PERMITIDO TIPO 1,PROIBIDO,*,
387.621,PARK WAY,MSPW CJ 526 LT 1,MSPW,*,CJ 526,LT 1,20.000,2401,RE 2,RE 2,RE 2,17.000,22.000,17000<a≤22000,"0,45","0,45",45,40,"9,5",5,5,5,5,*,NÃO INFORMADO,PONTO MÉDIO DA EDIFICAÇÃO,NÃO,PERMITIDO TIPO 1,PROIBIDO,*,
387.641,PARK WAY,MSPW CJ 530 LT 5,MSPW,*,CJ 530,LT 5,20.000,2401,RE 2,RE 2,RE 2,17.000,22.000,17000<a≤22000,"0,45","0,45",45,40,"9,5",5,5,5,5,*,NÃO INFORMADO,PONTO MÉDIO DA EDIFICAÇÃO,NÃO,PERMITIDO TIPO 1,PROIBIDO,*,
387.653,PARK WAY,MSPW CJ 530 LT 4,MSPW,*,CJ 530,LT 4,20.000,2401,RE 2,RE 2,RE 2,17.000,22.000,17000<a≤22000,"0,45","0,45",45,40,"9,5",5,5,5,5,*,NÃO INFORMADO,PONTO MÉDIO DA EDIFICAÇÃO,NÃO,PERMITIDO TIPO 1,PROIBIDO,*,
387.657,PARK WAY,MSPW CJ 529 LT 2,MSPW,*,CJ 529,LT 2,20.000,2401,RE 2,RE 2,RE 2,17.000,22.000,17000<a≤22000,"0,45","0,45",45,40,"9,5",5,5,5,5,*,NÃO INFORMADO,PONTO MÉDIO DA EDIFICAÇÃO,NÃO,PERMITIDO TIPO 1,PROIBIDO,*,
387.688,PARK WAY,MSPW CJ 520 LT 5,MSPW,*,CJ 520,LT 5,20.000,2401,RE 2,RE 2,RE 2,17.000,22.000,17000<a≤22000,"0,45","0,45",45,40,"9,5",5,5,5,5,*,NÃO INFORMADO,PONTO MÉDIO DA EDIFICAÇÃO,NÃO,PERMITIDO TIPO 1,PROIBIDO,*,
387.691,PARK WAY,MSPW CJ 519 LT 6,MSPW,*,CJ 519,LT 6,20.000,2401,RE 2,RE 2,RE 2,17.000,22.000,17000<a≤22000,"0,45","0,45",45,40,"9,5",5,5,5,5,*,NÃO INFORMADO,PONTO MÉDIO DA EDIFICAÇÃO,NÃO,PERMITIDO TIPO 1,PROIBIDO,*,
387.698,PARK WAY,MSPW CJ 526 LT 9,MSPW,*,CJ 526,LT 9,20.000,2401,RE 2,RE 2,RE 2,17.000,22.000,17000<a≤22000,"0,45","0,45",45,40,"9,5",5,5,5,5,*,NÃO INFORMADO,PONTO MÉDIO DA EDIFICAÇÃO,NÃO,PERMITIDO TIPO 1,PROIBIDO,*,
387.735,PARK WAY,MSPW CJ 528 LT 10,MSPW,*,CJ 528,LT 10,20.000,2401,RE 2,RE 2,RE 2,17.000,22.000,17000<a≤22000,"0,45","0,45",45,40,"9,5",5,5,5,5,*,NÃO INFORMADO,PONTO MÉDIO DA EDIFICAÇÃO,NÃO,PERMITIDO TIPO 1,PROIBIDO,*,
387.738,PARK WAY,MSPW CJ 530 LT 9,MSPW,*,CJ 530,LT 9,20.000,2401,RE 2,RE 2,RE 2,17.000,22.000,17000<a≤22000,"0,45","0,45",45,40,"9,5",5,5,5,5,*,NÃO INFORMADO,PONTO MÉDIO DA EDIFICAÇÃO,NÃO,PERMITIDO TIPO 1,PROIBIDO,*,
387.742,PARK WAY,MSPW CJ 522 LT 2,MSPW,*,CJ 522,LT 2,20.000,2401,RE 2,RE 2,RE 2,17.000,22.000,17000<a≤22000,"0,45","0,45",45,40,"9,5",5,5,5,5,*,NÃO INFORMADO,PONTO MÉDIO DA EDIFICAÇÃO,NÃO,PERMITIDO TIPO 1,PROIBIDO,*,
387.746,PARK WAY,MSPW CJ 518 LT 5,MSPW,*,CJ 518,LT 5,20.000,2401,RE 2,RE 2,RE 2,17.000,22.000,17000<a≤22000,"0,45","0,45",45,40,"9,5",5,5,5,5,*,NÃO INFORMADO,PONTO MÉDIO DA EDIFICAÇÃO,NÃO,PERMITIDO TIPO 1,PROIBIDO,*,
387.748,PARK WAY,MSPW CJ 523 LT 2,MSPW,*,CJ 523,LT 2,20.000,2401,RE 2,RE 2,RE 2,17.000,22.000,17000<a≤22000,"0,45","0,45",45,40,"9,5",5,5,5,5,*,NÃO INFORMADO,PONTO MÉDIO DA EDIFICAÇÃO,NÃO,PERMITIDO TIPO 1,PROIBIDO,*,
387.753,PARK WAY,MSPW CJ 527 LT 7,MSPW,*,CJ 527,LT 7,20.000,2401,RE 2,RE 2,RE 2,17.000,22.000,17000<a≤22000,"0,45","0,45",45,40,"9,5",5,5,5,5,*,NÃO INFORMADO,PONTO MÉDIO DA EDIFICAÇÃO,NÃO,PERMITIDO TIPO 1,PROIBIDO,*,
387.760,PARK WAY,MSPW CJ 525 LT 4,MSPW,*,CJ 525,LT 4,20.000,2401,RE 2,RE 2,RE 2,17.000,22.000,17000<a≤22000,"0,45","0,45",45,40,"9,5",5,5,5,5,*,NÃO INFORMADO,PONTO MÉDIO DA EDIFICAÇÃO,NÃO,PERMITIDO TIPO 1,PROIBIDO,*,
387.766,PARK WAY,MSPW CJ 519 LT 7,MSPW,*,CJ 519,LT 7,20.000,2401,RE 2,RE 2,RE 2,17.000,22.000,17000<a≤22000,"0,45","0,45",45,40,"9,5",5,5,5,5,*,NÃO INFORMADO,PONTO MÉDIO DA EDIFICAÇÃO,NÃO,PERMITIDO TIPO 1,PROIBIDO,*,
387.785,PARK WAY,MSPW CJ 528 LT 9,MSPW,*,CJ 528,LT 9,20.000,2401,RE 2,RE 2,RE 2,17.000,22.000,17000<a≤22000,"0,45","0,45",45,40,"9,5",5,5,5,5,*,NÃO INFORMADO,PONTO MÉDIO DA EDIFICAÇÃO,NÃO,PERMITIDO TIPO 1,PROIBIDO,*,
387.790,PARK WAY,MSPW CJ 525 LT 1,MSPW,*,CJ 525,LT 1,20.000,2401,RE 2,RE 2,RE 2,17.000,22.000,17000<a≤22000,"0,45","0,45",45,40,"9,5",5,5,5,5,*,NÃO INFORMADO,PONTO MÉDIO DA EDIFICAÇÃO,NÃO,PERMITIDO TIPO 1,PROIBIDO,*,
387.808,PARK WAY,MSPW CJ 529 LT 3,MSPW,*,CJ 529,LT 3,20.000,2401,RE 2,RE 2,RE 2,17.000,22.000,17000<a≤22000,"0,45","0,45",45,40,"9,5",5,5,5,5,*,NÃO INFORMADO,PONTO MÉDIO DA EDIFICAÇÃO,NÃO,PERMITIDO TIPO 1,PROIBIDO,*,
387.816,PARK WAY,MSPW CJ 527 LT 8,MSPW,*,CJ 527,LT 8,20.000,2401,RE 2,RE 2,RE 2,17.000,22.000,17000<a≤22000,"0,45","0,45",45,40,"9,5",5,5,5,5,*,NÃO INFORMADO,PONTO MÉDIO DA EDIFICAÇÃO,NÃO,PERMITIDO TIPO 1,PROIBIDO,*,
387.846,PARK WAY,MSPW CJ 505 LT 9,MSPW,*,CJ 505,LT 9,20.000,2401,RE 2,RE 2,RE 2,17.000,22.000,17000<a≤22000,"0,45","0,45",45,40,"9,5",5,5,5,5,*,NÃO INFORMADO,PONTO MÉDIO DA EDIFICAÇÃO,NÃO,PERMITIDO TIPO 1,PROIBIDO,*,
387.855,PARK WAY,MSPW CJ 525 LT 6,MSPW,*,CJ 525,LT 6,20.000,2401,RE 2,RE 2,RE 2,17.000,22.000,17000<a≤22000,"0,45","0,45",45,40,"9,5",5,5,5,5,*,NÃO INFORMADO,PONTO MÉDIO DA EDIFICAÇÃO,NÃO,PERMITIDO TIPO 1,PROIBIDO,*,
387.856,PARK WAY,MSPW CJ 528 LT 5,MSPW,*,CJ 528,LT 5,20.000,2401,RE 2,RE 2,RE 2,17.000,22.000,17000<a≤22000,"0,45","0,45",45,40,"9,5",5,5,5,5,*,NÃO INFORMADO,PONTO MÉDIO DA EDIFICAÇÃO,NÃO,PERMITIDO TIPO 1,PROIBIDO,*,
387.888,PARK WAY,MSPW CJ 531 LT 2,MSPW,*,CJ 531,LT 2,20.000,2401,RE 2,RE 2,RE 2,17.000,22.000,17000<a≤22000,"0,45","0,45",45,40,"9,5",5,5,5,5,*,NÃO INFORMADO,PONTO MÉDIO DA EDIFICAÇÃO,NÃO,PERMITIDO TIPO 1,PROIBIDO,*,
387.922,PARK WAY,MSPW CJ 524 LT 1,MSPW,*,CJ 524,LT 1,20.000,2401,RE 2,RE 2,RE 2,17.000,22.000,17000<a≤22000,"0,45","0,45",45,40,"9,5",5,5,5,5,*,NÃO INFORMADO,PONTO MÉDIO DA EDIFICAÇÃO,NÃO,PERMITIDO TIPO 1,PROIBIDO,*,
387.933,PARK WAY,MSPW CJ 522 LT 3,MSPW,*,CJ 522,LT 3,20.000,2401,RE 2,RE 2,RE 2,17.000,22.000,17000<a≤22000,"0,45","0,45",45,40,"9,5",5,5,5,5,*,NÃO INFORMADO,PONTO MÉDIO DA EDIFICAÇÃO,NÃO,PERMITIDO TIPO 1,PROIBIDO,*,
387.959,PARK WAY,MSPW CJ 528 LT 1,MSPW,*,CJ 528,LT 1,20.000,2401,RE 2,RE 2,RE 2,17.000,22.000,17000<a≤22000,"0,45","0,45",45,40,"9,5",5,5,5,5,*,NÃO INFORMADO,PONTO MÉDIO DA EDIFICAÇÃO,NÃO,PERMITIDO TIPO 1,PROIBIDO,*,
387.970,PARK WAY,MSPW CJ 522 LT 10,MSPW,*,CJ 522,LT 10,20.000,2401,RE 2,RE 2,RE 2,17.000,22.000,17000<a≤22000,"0,45","0,45",45,40,"9,5",5,5,5,5,*,NÃO INFORMADO,PONTO MÉDIO DA EDIFICAÇÃO,NÃO,PERMITIDO TIPO 1,PROIBIDO,*,
387.972,PARK WAY,MSPW CJ 522 LT 1,MSPW,*,CJ 522,LT 1,20.000,2401,RE 2,RE 2,RE 2,17.000,22.000,17000<a≤22000,"0,45","0,45",45,40,"9,5",5,5,5,5,*,NÃO INFORMADO,PONTO MÉDIO DA EDIFICAÇÃO,NÃO,PERMITIDO TIPO 1,PROIBIDO,*,
387.979,PARK WAY,MSPW CJ 530 LT 2,MSPW,*,CJ 530,LT 2,20.000,2401,RE 2,RE 2,RE 2,17.000,22.000,17000<a≤22000,"0,45","0,45",45,40,"9,5",5,5,5,5,*,NÃO INFORMADO,PONTO MÉDIO DA EDIFICAÇÃO,NÃO,PERMITIDO TIPO 1,PROIBIDO,*,
388.009,PARK WAY,MSPW CJ 516 LT 13,MSPW,*,CJ 516,LT 13,20.000,2401,RE 2,RE 2,RE 2,17.000,22.000,17000<a≤22000,"0,45","0,45",45,40,"9,5",5,5,5,5,*,NÃO INFORMADO,PONTO MÉDIO DA EDIFICAÇÃO,NÃO,PERMITIDO TIPO 1,PROIBIDO,*,
388.010,PARK WAY,MSPW CJ 528 LT 2,MSPW,*,CJ 528,LT 2,20.000,2401,RE 2,RE 2,RE 2,17.000,22.000,17000<a≤22000,"0,45","0,45",45,40,"9,5",5,5,5,5,*,NÃO INFORMADO,PONTO MÉDIO DA EDIFICAÇÃO,NÃO,PERMITIDO TIPO 1,PROIBIDO,*,
388.015,PARK WAY,MSPW CJ 526 LT 2,MSPW,*,CJ 526,LT 2,20.000,2401,RE 2,RE 2,RE 2,17.000,22.000,17000<a≤22000,"0,45","0,45",45,40,"9,5",5,5,5,5,*,NÃO INFORMADO,PONTO MÉDIO DA EDIFICAÇÃO,NÃO,PERMITIDO TIPO 1,PROIBIDO,*,
388.040,PARK WAY,MSPW CJ 518 LT 2,MSPW,*,CJ 518,LT 2,20.000,2401,RE 2,RE 2,RE 2,17.000,22.000,17000<a≤22000,"0,45","0,45",45,40,"9,5",5,5,5,5,*,NÃO INFORMADO,PONTO MÉDIO DA EDIFICAÇÃO,NÃO,PERMITIDO TIPO 1,PROIBIDO,*,
388.051,PARK WAY,MSPW CJ 522 LT 9,MSPW,*,CJ 522,LT 9,20.000,2401,RE 2,RE 2,RE 2,17.000,22.000,17000<a≤22000,"0,45","0,45",45,40,"9,5",5,5,5,5,*,NÃO INFORMADO,PONTO MÉDIO DA EDIFICAÇÃO,NÃO,PERMITIDO TIPO 1,PROIBIDO,*,
388.075,PARK WAY,MSPW CJ 520 LT 2,MSPW,*,CJ 520,LT 2,20.000,2401,RE 2,RE 2,RE 2,17.000,22.000,17000<a≤22000,"0,45","0,45",45,40,"9,5",5,5,5,5,*,NÃO INFORMADO,PONTO MÉDIO DA EDIFICAÇÃO,NÃO,PERMITIDO TIPO 1,PROIBIDO,*,
388.083,PARK WAY,MSPW CJ 527 LT 3,MSPW,*,CJ 527,LT 3,20.000,2401,RE 2,RE 2,RE 2,17.000,22.000,17000<a≤22000,"0,45","0,45",45,40,"9,5",5,5,5,5,*,NÃO INFORMADO,PONTO MÉDIO DA EDIFICAÇÃO,NÃO,PERMITIDO TIPO 1,PROIBIDO,*,
388.087,PARK WAY,MSPW CJ 525 LT 7,MSPW,*,CJ 525,LT 7,20.000,2401,RE 2,RE 2,RE 2,17.000,22.000,17000<a≤22000,"0,45","0,45",45,40,"9,5",5,5,5,5,*,NÃO INFORMADO,PONTO MÉDIO DA EDIFICAÇÃO,NÃO,PERMITIDO TIPO 1,PROIBIDO,*,
388.094,PARK WAY,MSPW CJ 521 LT 1,MSPW,*,CJ 521,LT 1,20.000,2401,RE 2,RE 2,RE 2,17.000,22.000,17000<a≤22000,"0,45","0,45",45,40,"9,5",5,5,5,5,*,NÃO INFORMADO,PONTO MÉDIO DA EDIFICAÇÃO,NÃO,PERMITIDO TIPO 1,PROIBIDO,*,
388.095,PARK WAY,MSPW CJ 527 LT 5,MSPW,*,CJ 527,LT 5,20.000,2401,RE 2,RE 2,RE 2,17.000,22.000,17000<a≤22000,"0,45","0,45",45,40,"9,5",5,5,5,5,*,NÃO INFORMADO,PONTO MÉDIO DA EDIFICAÇÃO,NÃO,PERMITIDO TIPO 1,PROIBIDO,*,
388.120,PARK WAY,MSPW CJ 505 LT 8,MSPW,*,CJ 505,LT 8,20.000,2401,RE 2,RE 2,RE 2,17.000,22.000,17000<a≤22000,"0,45","0,45",45,40,"9,5",5,5,5,5,*,NÃO INFORMADO,PONTO MÉDIO DA EDIFICAÇÃO,NÃO,PERMITIDO TIPO 1,PROIBIDO,*,
388.123,PARK WAY,MSPW CJ 526 LT 10,MSPW,*,CJ 526,LT 10,20.000,2401,RE 2,RE 2,RE 2,17.000,22.000,17000<a≤22000,"0,45","0,45",45,40,"9,5",5,5,5,5,*,NÃO INFORMADO,PONTO MÉDIO DA EDIFICAÇÃO,NÃO,PERMITIDO TIPO 1,PROIBIDO,*,
388.162,PARK WAY,MSPW CJ 518 LT 3,MSPW,*,CJ 518,LT 3,20.000,2401,RE 2,RE 2,RE 2,17.000,22.000,17000<a≤22000,"0,45","0,45",45,40,"9,5",5,5,5,5,*,NÃO INFORMADO,PONTO MÉDIO DA EDIFICAÇÃO,NÃO,PERMITIDO TIPO 1,PROIBIDO,*,
388.174,PARK WAY,MSPW CJ 524 LT 4,MSPW,*,CJ 524,LT 4,20.000,2401,RE 2,RE 2,RE 2,17.000,22.000,17000<a≤22000,"0,45","0,45",45,40,"9,5",5,5,5,5,*,NÃO INFORMADO,PONTO MÉDIO DA EDIFICAÇÃO,NÃO,PERMITIDO TIPO 1,PROIBIDO,*,
388.177,PARK WAY,MSPW CJ 527 LT 1,MSPW,*,CJ 527,LT 1,20.000,2401,RE 2,RE 2,RE 2,17.000,22.000,17000<a≤22000,"0,45","0,45",45,40,"9,5",5,5,5,5,*,NÃO INFORMADO,PONTO MÉDIO DA EDIFICAÇÃO,NÃO,PERMITIDO TIPO 1,PROIBIDO,*,
388.178,PARK WAY,MSPW CJ 520 LT 3,MSPW,*,CJ 520,LT 3,20.000,2401,RE 2,RE 2,RE 2,17.000,22.000,17000<a≤22000,"0,45","0,45",45,40,"9,5",5,5,5,5,*,NÃO INFORMADO,PONTO MÉDIO DA EDIFICAÇÃO,NÃO,PERMITIDO TIPO 1,PROIBIDO,*,
388.192,PARK WAY,MSPW CJ 530 LT 1,MSPW,*,CJ 530,LT 1,20.000,2401,RE 2,RE 2,RE 2,17.000,22.000,17000<a≤22000,"0,45","0,45",45,40,"9,5",5,5,5,5,*,NÃO INFORMADO,PONTO MÉDIO DA EDIFICAÇÃO,NÃO,PERMITIDO TIPO 1,PROIBIDO,*,
388.206,PARK WAY,MSPW CJ 521 LT 3,MSPW,*,CJ 521,LT 3,20.000,2401,RE 2,RE 2,RE 2,17.000,22.000,17000<a≤22000,"0,45","0,45",45,40,"9,5",5,5,5,5,*,NÃO INFORMADO,PONTO MÉDIO DA EDIFICAÇÃO,NÃO,PERMITIDO TIPO 1,PROIBIDO,*,
388.207,PARK WAY,MSPW CJ 518 LT 1,MSPW,*,CJ 518,LT 1,20.000,2401,RE 2,RE 2,RE 2,17.000,22.000,17000<a≤22000,"0,45","0,45",45,40,"9,5",5,5,5,5,*,NÃO INFORMADO,PONTO MÉDIO DA EDIFICAÇÃO,NÃO,PERMITIDO TIPO 1,PROIBIDO,*,
388.216,PARK WAY,MSPW CJ 521 LT 4,MSPW,*,CJ 521,LT 4,20.000,2401,RE 2,RE 2,RE 2,17.000,22.000,17000<a≤22000,"0,45","0,45",45,40,"9,5",5,5,5,5,*,NÃO INFORMADO,PONTO MÉDIO DA EDIFICAÇÃO,NÃO,PERMITIDO TIPO 1,PROIBIDO,*,
388.234,PARK WAY,MSPW CJ 531 LT 8,MSPW,*,CJ 531,LT 8,20.000,2401,RE 2,RE 2,RE 2,17.000,22.000,17000<a≤22000,"0,45","0,45",45,40,"9,5",5,5,5,5,*,NÃO INFORMADO,PONTO MÉDIO DA EDIFICAÇÃO,NÃO,PERMITIDO TIPO 1,PROIBIDO,*,
388.238,PARK WAY,MSPW CJ 530 LT 8,MSPW,*,CJ 530,LT 8,20.000,2401,RE 2,RE 2,RE 2,17.000,22.000,17000<a≤22000,"0,45","0,45",45,40,"9,5",5,5,5,5,*,NÃO INFORMADO,PONTO MÉDIO DA EDIFICAÇÃO,NÃO,PERMITIDO TIPO 1,PROIBIDO,*,
388.250,PARK WAY,MSPW CJ 526 LT 4,MSPW,*,CJ 526,LT 4,20.000,2401,RE 2,RE 2,RE 2,17.000,22.000,17000<a≤22000,"0,45","0,45",45,40,"9,5",5,5,5,5,*,NÃO INFORMADO,PONTO MÉDIO DA EDIFICAÇÃO,NÃO,PERMITIDO TIPO 1,PROIBIDO,*,
388.252,PARK WAY,MSPW CJ 531 LT 1,MSPW,*,CJ 531,LT 1,20.000,2401,RE 2,RE 2,RE 2,17.000,22.000,17000<a≤22000,"0,45","0,45",45,40,"9,5",5,5,5,5,*,NÃO INFORMADO,PONTO MÉDIO DA EDIFICAÇÃO,NÃO,PERMITIDO TIPO 1,PROIBIDO,*,
388.255,PARK WAY,MSPW CJ 529 LT 4,MSPW,*,CJ 529,LT 4,20.000,2401,RE 2,RE 2,RE 2,17.000,22.000,17000<a≤22000,"0,45","0,45",45,40,"9,5",5,5,5,5,*,NÃO INFORMADO,PONTO MÉDIO DA EDIFICAÇÃO,NÃO,PERMITIDO TIPO 1,PROIBIDO,*,
388.257,PARK WAY,MSPW CJ 524 LT 5,MSPW,*,CJ 524,LT 5,20.000,2401,RE 2,RE 2,RE 2,17.000,22.000,17000<a≤22000,"0,45","0,45",45,40,"9,5",5,5,5,5,*,NÃO INFORMADO,PONTO MÉDIO DA EDIFICAÇÃO,NÃO,PERMITIDO TIPO 1,PROIBIDO,*,
388.258,PARK WAY,MSPW CJ 522 LT 5,MSPW,*,CJ 522,LT 5,20.000,2401,RE 2,RE 2,RE 2,17.000,22.000,17000<a≤22000,"0,45","0,45",45,40,"9,5",5,5,5,5,*,NÃO INFORMADO,PONTO MÉDIO DA EDIFICAÇÃO,NÃO,PERMITIDO TIPO 1,PROIBIDO,*,
388.267,PARK WAY,MSPW CJ 521 LT 2,MSPW,*,CJ 521,LT 2,20.000,2401,RE 2,RE 2,RE 2,17.000,22.000,17000<a≤22000,"0,45","0,45",45,40,"9,5",5,5,5,5,*,NÃO INFORMADO,PONTO MÉDIO DA EDIFICAÇÃO,NÃO,PERMITIDO TIPO 1,PROIBIDO,*,
388.275,PARK WAY,MSPW CJ 530 LT 7,MSPW,*,CJ 530,LT 7,20.000,2401,RE 2,RE 2,RE 2,17.000,22.000,17000<a≤22000,"0,45","0,45",45,40,"9,5",5,5,5,5,*,NÃO INFORMADO,PONTO MÉDIO DA EDIFICAÇÃO,NÃO,PERMITIDO TIPO 1,PROIBIDO,*,
388.288,PARK WAY,MSPW CJ 530 LT 3,MSPW,*,CJ 530,LT 3,20.000,2401,RE 2,RE 2,RE 2,17.000,22.000,17000<a≤22000,"0,45","0,45",45,40,"9,5",5,5,5,5,*,NÃO INFORMADO,PONTO MÉDIO DA EDIFICAÇÃO,NÃO,PERMITIDO TIPO 1,PROIBIDO,*,
388.298,PARK WAY,MSPW CJ 524 LT 3,MSPW,*,CJ 524,LT 3,20.000,2401,RE 2,RE 2,RE 2,17.000,22.000,17000<a≤22000,"0,45","0,45",45,40,"9,5",5,5,5,5,*,NÃO INFORMADO,PONTO MÉDIO DA EDIFICAÇÃO,NÃO,PERMITIDO TIPO 1,PROIBIDO,*,
388.320,PARK WAY,MSPW CJ 528 LT 4,MSPW,*,CJ 528,LT 4,20.000,2401,RE 2,RE 2,RE 2,17.000,22.000,17000<a≤22000,"0,45","0,45",45,40,"9,5",5,5,5,5,*,NÃO INFORMADO,PONTO MÉDIO DA EDIFICAÇÃO,NÃO,PERMITIDO TIPO 1,PROIBIDO,*,
388.325,PARK WAY,MSPW CJ 528 LT 6,MSPW,*,CJ 528,LT 6,20.000,2401,RE 2,RE 2,RE 2,17.000,22.000,17000<a≤22000,"0,45","0,45",45,40,"9,5",5,5,5,5,*,NÃO INFORMADO,PONTO MÉDIO DA EDIFICAÇÃO,NÃO,PERMITIDO TIPO 1,PROIBIDO,*,
388.341,PARK WAY,MSPW CJ 523 LT 6,MSPW,*,CJ 523,LT 6,20.000,2401,RE 2,RE 2,RE 2,17.000,22.000,17000<a≤22000,"0,45","0,45",45,40,"9,5",5,5,5,5,*,NÃO INFORMADO,PONTO MÉDIO DA EDIFICAÇÃO,NÃO,PERMITIDO TIPO 1,PROIBIDO,*,
388.343,PARK WAY,MSPW CJ 531 LT 5,MSPW,*,CJ 531,LT 5,20.000,2401,RE 2,RE 2,RE 2,17.000,22.000,17000<a≤22000,"0,45","0,45",45,40,"9,5",5,5,5,5,*,NÃO INFORMADO,PONTO MÉDIO DA EDIFICAÇÃO,NÃO,PERMITIDO TIPO 1,PROIBIDO,*,
388.344,PARK WAY,MSPW CJ 529 LT 6,MSPW,*,CJ 529,LT 6,20.000,2401,RE 2,RE 2,RE 2,17.000,22.000,17000<a≤22000,"0,45","0,45",45,40,"9,5",5,5,5,5,*,NÃO INFORMADO,PONTO MÉDIO DA EDIFICAÇÃO,NÃO,PERMITIDO TIPO 1,PROIBIDO,*,
388.348,PARK WAY,MSPW CJ 525 LT 2,MSPW,*,CJ 525,LT 2,20.000,2401,RE 2,RE 2,RE 2,17.000,22.000,17000<a≤22000,"0,45","0,45",45,40,"9,5",5,5,5,5,*,NÃO INFORMADO,PONTO MÉDIO DA EDIFICAÇÃO,NÃO,PERMITIDO TIPO 1,PROIBIDO,*,
388.355,PARK WAY,MSPW CJ 520 LT 4,MSPW,*,CJ 520,LT 4,20.000,2401,RE 2,RE 2,RE 2,17.000,22.000,17000<a≤22000,"0,45","0,45",45,40,"9,5",5,5,5,5,*,NÃO INFORMADO,PONTO MÉDIO DA EDIFICAÇÃO,NÃO,PERMITIDO TIPO 1,PROIBIDO,*,
388.371,PARK WAY,MSPW CJ 526 LT 5,MSPW,*,CJ 526,LT 5,20.000,2401,RE 2,RE 2,RE 2,17.000,22.000,17000<a≤22000,"0,45","0,45",45,40,"9,5",5,5,5,5,*,NÃO INFORMADO,PONTO MÉDIO DA EDIFICAÇÃO,NÃO,PERMITIDO TIPO 1,PROIBIDO,*,
388.402,PARK WAY,MSPW CJ 528 LT 8,MSPW,*,CJ 528,LT 8,20.000,2401,RE 2,RE 2,RE 2,17.000,22.000,17000<a≤22000,"0,45","0,45",45,40,"9,5",5,5,5,5,*,NÃO INFORMADO,PONTO MÉDIO DA EDIFICAÇÃO,NÃO,PERMITIDO TIPO 1,PROIBIDO,*,
388.415,PARK WAY,MSPW CJ 531 LT 6,MSPW,*,CJ 531,LT 6,20.000,2401,RE 2,RE 2,RE 2,17.000,22.000,17000<a≤22000,"0,45","0,45",45,40,"9,5",5,5,5,5,*,NÃO INFORMADO,PONTO MÉDIO DA EDIFICAÇÃO,NÃO,PERMITIDO TIPO 1,PROIBIDO,*,
388.423,PARK WAY,MSPW CJ 523 LT 7,MSPW,*,CJ 523,LT 7,20.000,2401,RE 2,RE 2,RE 2,17.000,22.000,17000<a≤22000,"0,45","0,45",45,40,"9,5",5,5,5,5,*,NÃO INFORMADO,PONTO MÉDIO DA EDIFICAÇÃO,NÃO,PERMITIDO TIPO 1,PROIBIDO,*,
388.426,PARK WAY,MSPW CJ 523 LT 5,MSPW,*,CJ 523,LT 5,20.000,2401,RE 2,RE 2,RE 2,17.000,22.000,17000<a≤22000,"0,45","0,45",45,40,"9,5",5,5,5,5,*,NÃO INFORMADO,PONTO MÉDIO DA EDIFICAÇÃO,NÃO,PERMITIDO TIPO 1,PROIBIDO,*,
388.439,PARK WAY,MSPW CJ 527 LT 4,MSPW,*,CJ 527,LT 4,20.000,2401,RE 2,RE 2,RE 2,17.000,22.000,17000<a≤22000,"0,45","0,45",45,40,"9,5",5,5,5,5,*,NÃO INFORMADO,PONTO MÉDIO DA EDIFICAÇÃO,NÃO,PERMITIDO TIPO 1,PROIBIDO,*,
388.438,PARK WAY,MSPW CJ 531 LT 3,MSPW,*,CJ 531,LT 3,20.000,2401,RE 2,RE 2,RE 2,17.000,22.000,17000<a≤22000,"0,45","0,45",45,40,"9,5",5,5,5,5,*,NÃO INFORMADO,PONTO MÉDIO DA EDIFICAÇÃO,NÃO,PERMITIDO TIPO 1,PROIBIDO,*,
388.446,PARK WAY,MSPW CJ 524 LT 7,MSPW,*,CJ 524,LT 7,20.000,2401,RE 2,RE 2,RE 2,17.000,22.000,17000<a≤22000,"0,45","0,45",45,40,"9,5",5,5,5,5,*,NÃO INFORMADO,PONTO MÉDIO DA EDIFICAÇÃO,NÃO,PERMITIDO TIPO 1,PROIBIDO,*,
388.449,PARK WAY,MSPW CJ 526 LT 7,MSPW,*,CJ 526,LT 7,20.000,2401,RE 2,RE 2,RE 2,17.000,22.000,17000<a≤22000,"0,45","0,45",45,40,"9,5",5,5,5,5,*,NÃO INFORMADO,PONTO MÉDIO DA EDIFICAÇÃO,NÃO,PERMITIDO TIPO 1,PROIBIDO,*,
388.460,PARK WAY,MSPW CJ 529 LT 7,MSPW,*,CJ 529,LT 7,20.000,2401,RE 2,RE 2,RE 2,17.000,22.000,17000<a≤22000,"0,45","0,45",45,40,"9,5",5,5,5,5,*,NÃO INFORMADO,PONTO MÉDIO DA EDIFICAÇÃO,NÃO,PERMITIDO TIPO 1,PROIBIDO,*,
388.461,PARK WAY,MSPW CJ 524 LT 6,MSPW,*,CJ 524,LT 6,20.000,2401,RE 2,RE 2,RE 2,17.000,22.000,17000<a≤22000,"0,45","0,45",45,40,"9,5",5,5,5,5,*,NÃO INFORMADO,PONTO MÉDIO DA EDIFICAÇÃO,NÃO,PERMITIDO TIPO 1,PROIBIDO,*,
388.471,PARK WAY,MSPW CJ 519 LT 8,MSPW,*,CJ 519,LT 8,20.000,2401,RE 2,RE 2,RE 2,17.000,22.000,17000<a≤22000,"0,45","0,45",45,40,"9,5",5,5,5,5,*,NÃO INFORMADO,PONTO MÉDIO DA EDIFICAÇÃO,NÃO,PERMITIDO TIPO 1,PROIBIDO,*,
388.485,PARK WAY,MSPW CJ 519 LT 9,MSPW,*,CJ 519,LT 9,20.000,2401,RE 2,RE 2,RE 2,17.000,22.000,17000<a≤22000,"0,45","0,45",45,40,"9,5",5,5,5,5,*,NÃO INFORMADO,PONTO MÉDIO DA EDIFICAÇÃO,NÃO,PERMITIDO TIPO 1,PROIBIDO,*,
388.493,PARK WAY,MSPW CJ 530 LT 6,MSPW,*,CJ 530,LT 6,20.000,2401,RE 2,RE 2,RE 2,17.000,22.000,17000<a≤22000,"0,45","0,45",45,40,"9,5",5,5,5,5,*,NÃO INFORMADO,PONTO MÉDIO DA EDIFICAÇÃO,NÃO,PERMITIDO TIPO 1,PROIBIDO,*,
388.518,PARK WAY,MSPW CJ 529 LT 8,MSPW,*,CJ 529,LT 8,20.000,2401,RE 2,RE 2,RE 2,17.000,22.000,17000<a≤22000,"0,45","0,45",45,40,"9,5",5,5,5,5,*,NÃO INFORMADO,PONTO MÉDIO DA EDIFICAÇÃO,NÃO,PERMITIDO TIPO 1,PROIBIDO,*,
388.531,PARK WAY,MSPW CJ 529 LT 5,MSPW,*,CJ 529,LT 5,20.000,2401,RE 2,RE 2,RE 2,17.000,22.000,17000<a≤22000,"0,45","0,45",45,40,"9,5",5,5,5,5,*,NÃO INFORMADO,PONTO MÉDIO DA EDIFICAÇÃO,NÃO,PERMITIDO TIPO 1,PROIBIDO,*,
388.533,PARK WAY,MSPW CJ 528 LT 3,MSPW,*,CJ 528,LT 3,20.000,2401,RE 2,RE 2,RE 2,17.000,22.000,17000<a≤22000,"0,45","0,45",45,40,"9,5",5,5,5,5,*,NÃO INFORMADO,PONTO MÉDIO DA EDIFICAÇÃO,NÃO,PERMITIDO TIPO 1,PROIBIDO,*,
388.535,PARK WAY,MSPW CJ 532 LT 1,MSPW,*,CJ 532,LT 1,20.000,2401,RE 2,RE 2,RE 2,17.000,22.000,17000<a≤22000,"0,45","0,45",45,40,"9,5",5,5,5,5,*,NÃO INFORMADO,PONTO MÉDIO DA EDIFICAÇÃO,NÃO,PERMITIDO TIPO 1,PROIBIDO,*,
388.542,PARK WAY,MSPW CJ 532 LT 2,MSPW,*,CJ 532,LT 2,20.000,2401,RE 2,RE 2,RE 2,17.000,22.000,17000<a≤22000,"0,45","0,45",45,40,"9,5",5,5,5,5,*,NÃO INFORMADO,PONTO MÉDIO DA EDIFICAÇÃO,NÃO,PERMITIDO TIPO 1,PROIBIDO,*,
388.543,PARK WAY,MSPW CJ 526 LT 6,MSPW,*,CJ 526,LT 6,20.000,2401,RE 2,RE 2,RE 2,17.000,22.000,17000<a≤22000,"0,45","0,45",45,40,"9,5",5,5,5,5,*,NÃO INFORMADO,PONTO MÉDIO DA EDIFICAÇÃO,NÃO,PERMITIDO TIPO 1,PROIBIDO,*,
388.551,PARK WAY,MSPW CJ 527 LT 6,MSPW,*,CJ 527,LT 6,20.000,2401,RE 2,RE 2,RE 2,17.000,22.000,17000<a≤22000,"0,45","0,45",45,40,"9,5",5,5,5,5,*,NÃO INFORMADO,PONTO MÉDIO DA EDIFICAÇÃO,NÃO,PERMITIDO TIPO 1,PROIBIDO,*,
388.587,PARK WAY,MSPW CJ 529 LT 1,MSPW,*,CJ 529,LT 1,20.000,2401,RE 2,RE 2,RE 2,17.000,22.000,17000<a≤22000,"0,45","0,45",45,40,"9,5",5,5,5,5,*,NÃO INFORMADO,PONTO MÉDIO DA EDIFICAÇÃO,NÃO,PERMITIDO TIPO 1,PROIBIDO,*,
388.552,PARK WAY,MSPW CJ 525 LT 3,MSPW,*,CJ 525,LT 3,20.000,2401,RE 2,RE 2,RE 2,17.000,22.000,17000<a≤22000,"0,45","0,45",45,40,"9,5",5,5,5,5,*,NÃO INFORMADO,PONTO MÉDIO DA EDIFICAÇÃO,NÃO,PERMITIDO TIPO 1,PROIBIDO,*,
388.562,PARK WAY,MSPW CJ 526 LT 8,MSPW,*,CJ 526,LT 8,20.000,2401,RE 2,RE 2,RE 2,17.000,22.000,17000<a≤22000,"0,45","0,45",45,40,"9,5",5,5,5,5,*,NÃO INFORMADO,PONTO MÉDIO DA EDIFICAÇÃO,NÃO,PERMITIDO TIPO 1,PROIBIDO,*,
388.563,PARK WAY,MSPW CJ 523 LT 4,MSPW,*,CJ 523,LT 4,20.000,2401,RE 2,RE 2,RE 2,17.000,22.000,17000<a≤22000,"0,45","0,45",45,40,"9,5",5,5,5,5,*,NÃO INFORMADO,PONTO MÉDIO DA EDIFICAÇÃO,NÃO,PERMITIDO TIPO 1,PROIBIDO,*,
388.575,PARK WAY,MSPW CJ 518 LT 4,MSPW,*,CJ 518,LT 4,20.000,2401,RE 2,RE 2,RE 2,17.000,22.000,17000<a≤22000,"0,45","0,45",45,40,"9,5",5,5,5,5,*,NÃO INFORMADO,PONTO MÉDIO DA EDIFICAÇÃO,NÃO,PERMITIDO TIPO 1,PROIBIDO,*,
388.605,PARK WAY,MSPW CJ 529 LT 9,MSPW,*,CJ 529,LT 9,20.000,2401,RE 2,RE 2,RE 2,17.000,22.000,17000<a≤22000,"0,45","0,45",45,40,"9,5",5,5,5,5,*,NÃO INFORMADO,PONTO MÉDIO DA EDIFICAÇÃO,NÃO,PERMITIDO TIPO 1,PROIBIDO,*,
388.617,PARK WAY,MSPW CJ 523 LT 10,MSPW,*,CJ 523,LT 10,20.000,2401,RE 2,RE 2,RE 2,17.000,22.000,17000<a≤22000,"0,45","0,45",45,40,"9,5",5,5,5,5,*,NÃO INFORMADO,PONTO MÉDIO DA EDIFICAÇÃO,NÃO,PERMITIDO TIPO 1,PROIBIDO,*,
388.642,PARK WAY,MSPW CJ 529 LT 10,MSPW,*,CJ 529,LT 10,20.000,2401,RE 2,RE 2,RE 2,17.000,22.000,17000<a≤22000,"0,45","0,45",45,40,"9,5",5,5,5,5,*,NÃO INFORMADO,PONTO MÉDIO DA EDIFICAÇÃO,NÃO,PERMITIDO TIPO 1,PROIBIDO,*,
388.659,PARK WAY,MSPW CJ 523 LT 9,MSPW,*,CJ 523,LT 9,20.000,2401,RE 2,RE 2,RE 2,17.000,22.000,17000<a≤22000,"0,45","0,45",45,40,"9,5",5,5,5,5,*,NÃO INFORMADO,PONTO MÉDIO DA EDIFICAÇÃO,NÃO,PERMITIDO TIPO 1,PROIBIDO,*,
388.662,PARK WAY,MSPW CJ 521 LT 5,MSPW,*,CJ 521,LT 5,20.000,2401,RE 2,RE 2,RE 2,17.000,22.000,17000<a≤22000,"0,45","0,45",45,40,"9,5",5,5,5,5,*,NÃO INFORMADO,PONTO MÉDIO DA EDIFICAÇÃO,NÃO,PERMITIDO TIPO 1,PROIBIDO,*,
388.670,PARK WAY,MSPW CJ 525 LT 5,MSPW,*,CJ 525,LT 5,20.000,2401,RE 2,RE 2,RE 2,17.000,22.000,17000<a≤22000,"0,45","0,45",45,40,"9,5",5,5,5,5,*,NÃO INFORMADO,PONTO MÉDIO DA EDIFICAÇÃO,NÃO,PERMITIDO TIPO 1,PROIBIDO,*,
388.035,PARK WAY,MSPW CJ 531 LT 7,MSPW,*,CJ 531,LT 7,20.000,2401,RE 2,RE 2,RE 2,17.000,22.000,17000<a≤22000,"0,45","0,45",45,40,"9,5",5,5,5,5,*,NÃO INFORMADO,PONTO MÉDIO DA EDIFICAÇÃO,NÃO,PERMITIDO TIPO 1,PROIBIDO,*,
387.725,PARK WAY,MSPW CJ 523 LT 8,MSPW,*,CJ 523,LT 8,20.000,2401,RE 2,RE 2,RE 2,17.000,22.000,17000<a≤22000,"0,45","0,45",45,40,"9,5",5,5,5,5,*,NÃO INFORMADO,PONTO MÉDIO DA EDIFICAÇÃO,NÃO,PERMITIDO TIPO 1,PROIBIDO,*,
253.479,SAMAMBAIA,QI 616 CJ 1 LT 5,*,QI 616,CJ 1,LT 5,2.100,1232,CSIInd 1,CSIInd 1,CSIInd 1,800,3.000,800<a≤3000,2,2,80,10,19,*,*,*,*,*,NÃO INFORMADO,PONTO MÉDIO DA TESTADA FRONTAL,NÃO,PERMITIDO TIPO 2,NÃO INFORMADO,*,
266.365,SAMAMBAIA,QI 616 CJ L LT 4,*,QI 616,CJ L,LT 4,100,1229,CSIIndR,CSIIndR,CSIIndR,0,250,a≤250,2,2,100,*,12,*,*,*,*,*,NÃO INFORMADO,PONTO MÉDIO DA TESTADA FRONTAL,NÃO,PERMITIDO TIPO 1,NÃO INFORMADO,*,
275.683,SAMAMBAIA,QI 616 CJ 1 LT 19,*,QI 616,CJ 1,LT 19,300,1231,CSIInd 1,CSIInd 1,CSIInd 1,0,350,a≤350,2,2,100,*,12,*,*,*,*,*,NÃO INFORMADO,PONTO MÉDIO DA TESTADA FRONTAL,NÃO,PERMITIDO TIPO 1,NÃO INFORMADO,*,
260.510,SAMAMBAIA,QI 616 CJ I LT 3,*,QI 616,CJ I,LT 3,1.000,1232,CSIInd 1,CSIInd 1,CSIInd 1,800,3.000,800<a≤3000,2,2,80,10,19,*,*,*,*,*,NÃO INFORMADO,PONTO MÉDIO DA TESTADA FRONTAL,NÃO,PERMITIDO TIPO 2,NÃO INFORMADO,*,
256.217,SAMAMBAIA,QI 616 CJ 2 LT 2,*,QI 616,CJ 2,LT 2,200,1231,CSIInd 1,CSIInd 1,CSIInd 1,0,350,a≤350,2,2,100,*,12,*,*,*,*,*,NÃO INFORMADO,PONTO MÉDIO DA TESTADA FRONTAL,NÃO,PERMITIDO TIPO 1,NÃO INFORMADO,*,
235.319,SAMAMBAIA,QI 616 CJ 2 LT 6,*,QI 616,CJ 2,LT 6,1.500,1232,CSIInd 1,CSIInd 1,CSIInd 1,800,3.000,800<a≤3000,2,2,80,10,19,*,*,*,*,*,NÃO INFORMADO,PONTO MÉDIO DA TESTADA FRONTAL,NÃO,PERMITIDO TIPO 2,NÃO INFORMADO,*,
277.695,SAMAMBAIA,QI 616 CJ 1 LT 15,*,QI 616,CJ 1,LT 15,300,1231,CSIInd 1,CSIInd 1,CSIInd 1,0,350,a≤350,2,2,100,*,12,*,*,*,*,*,NÃO INFORMADO,PONTO MÉDIO DA TESTADA FRONTAL,NÃO,PERMITIDO TIPO 1,NÃO INFORMADO,*,
278.169,SAMAMBAIA,QI 616 CJ 2 LT 22,*,QI 616,CJ 2,LT 22,300,1231,CSIInd 1,CSIInd 1,CSIInd 1,0,350,a≤350,2,2,100,*,12,*,*,*,*,*,NÃO INFORMADO,PONTO MÉDIO DA TESTADA FRONTAL,NÃO,PERMITIDO TIPO 1,NÃO INFORMADO,*,
241.331,SAMAMBAIA,QI 616 CJ 2 LT 10,*,QI 616,CJ 2,LT 10,1.388,1232,CSIInd 1,CSIInd 1,CSIInd 1,800,3.000,800<a≤3000,2,2,80,10,19,*,*,*,*,*,NÃO INFORMADO,PONTO MÉDIO DA TESTADA FRONTAL,NÃO,PERMITIDO TIPO 2,NÃO INFORMADO,*,
246.602,SAMAMBAIA,QI 616 CJ 1 LT 22,*,QI 616,CJ 1,LT 22,200,1231,CSIInd 1,CSIInd 1,CSIInd 1,0,350,a≤350,2,2,100,*,12,*,*,*,*,*,NÃO INFORMADO,PONTO MÉDIO DA TESTADA FRONTAL,NÃO,PERMITIDO TIPO 1,NÃO INFORMADO,*,
272.618,SAMAMBAIA,QI 616 CJ 2 LT 11,*,QI 616,CJ 2,LT 11,1.763,1232,CSIInd 1,CSIInd 1,CSIInd 1,800,3.000,800<a≤3000,2,2,80,10,19,*,*,*,*,*,NÃO INFORMADO,PONTO MÉDIO DA TESTADA FRONTAL,NÃO,PERMITIDO TIPO 2,NÃO INFORMADO,*,
280.343,SAMAMBAIA,QI 616 CJ 1 LT 10,*,QI 616,CJ 1,LT 10,300,1231,CSIInd 1,CSIInd 1,CSIInd 1,0,350,a≤350,2,2,100,*,12,*,*,*,*,*,NÃO INFORMADO,PONTO MÉDIO DA TESTADA FRONTAL,NÃO,PERMITIDO TIPO 1,NÃO INFORMADO,*,
235.115,SAMAMBAIA,QI 616 CJ H LT 1 PLL,*,QI 616,CJ H,LT 1 PLL,2.030,1239,PAC 2,PAC 2,PAC 2,300,2.500,300<a≤2500,"0,5","0,5",50,*,"8,5",*,*,*,*,*,NÃO INFORMADO,PONTO MÉDIO DA TESTADA FRONTAL,SIM,PERMITIDO TIPO 1,PROIBIDO,*,
245.223,SAMAMBAIA,QI 616 CJ 2 LT 21,*,QI 616,CJ 2,LT 21,300,1231,CSIInd 1,CSIInd 1,CSIInd 1,0,350,a≤350,2,2,100,*,12,*,*,*,*,*,NÃO INFORMADO,PONTO MÉDIO DA TESTADA FRONTAL,NÃO,PERMITIDO TIPO 1,NÃO INFORMADO,*,
250.471,SAMAMBAIA,QI 616 CJ 2 LT 9,*,QI 616,CJ 2,LT 9,2.138,1232,CSIInd 1,CSIInd 1,CSIInd 1,800,3.000,800<a≤3000,2,2,80,10,19,*,*,*,*,*,NÃO INFORMADO,PONTO MÉDIO DA TESTADA FRONTAL,NÃO,PERMITIDO TIPO 2,NÃO INFORMADO,*,
251.567,SAMAMBAIA,QI 616 CJ 1 LT 9,*,QI 616,CJ 1,LT 9,200,1231,CSIInd 1,CSIInd 1,CSIInd 1,0,350,a≤350,2,2,100,*,12,*,*,*,*,*,NÃO INFORMADO,PONTO MÉDIO DA TESTADA FRONTAL,NÃO,PERMITIDO TIPO 1,NÃO INFORMADO,*,
250.767,SAMAMBAIA,QI 616 CJ 2 LT 18,*,QI 616,CJ 2,LT 18,300,1231,CSIInd 1,CSIInd 1,CSIInd 1,0,350,a≤350,2,2,100,*,12,*,*,*,*,*,NÃO INFORMADO,PONTO MÉDIO DA TESTADA FRONTAL,NÃO,PERMITIDO TIPO 1,NÃO INFORMADO,*,
252.174,SAMAMBAIA,QI 616 CJ 2 LT 20,*,QI 616,CJ 2,LT 20,300,1231,CSIInd 1,CSIInd 1,CSIInd 1,0,350,a≤350,2,2,100,*,12,*,*,*,*,*,NÃO INFORMADO,PONTO MÉDIO DA TESTADA FRONTAL,NÃO,PERMITIDO TIPO 1,NÃO INFORMADO,*,
253.896,SAMAMBAIA,QI 616 CJ 1 LT 14,*,QI 616,CJ 1,LT 14,300,1231,CSIInd 1,CSIInd 1,CSIInd 1,0,350,a≤350,2,2,100,*,12,*,*,*,*,*,NÃO INFORMADO,PONTO MÉDIO DA TESTADA FRONTAL,NÃO,PERMITIDO TIPO 1,NÃO INFORMADO,*,
254.134,SAMAMBAIA,QI 616 CJ I LT 1,*,QI 616,CJ I,LT 1,"811,3",1232,CSIInd 1,CSIInd 1,CSIInd 1,800,3.000,800<a≤3000,2,2,80,10,19,*,*,*,*,*,NÃO INFORMADO,PONTO MÉDIO DA TESTADA FRONTAL,NÃO,PERMITIDO TIPO 2,NÃO INFORMADO,*,
254.494,SAMAMBAIA,QI 616 CJ 1 LT 4,*,QI 616,CJ 1,LT 4,2.100,1232,CSIInd 1,CSIInd 1,CSIInd 1,800,3.000,800<a≤3000,2,2,80,10,19,*,*,*,*,*,NÃO INFORMADO,PONTO MÉDIO DA TESTADA FRONTAL,NÃO,PERMITIDO TIPO 2,NÃO INFORMADO,*,
267.045,SAMAMBAIA,QI 616 CJ 1 LT 18,*,QI 616,CJ 1,LT 18,300,1231,CSIInd 1,CSIInd 1,CSIInd 1,0,350,a≤350,2,2,100,*,12,*,*,*,*,*,NÃO INFORMADO,PONTO MÉDIO DA TESTADA FRONTAL,NÃO,PERMITIDO TIPO 1,NÃO INFORMADO,*,
259.088,SAMAMBAIA,QI 616 CJ L LT 6,*,QI 616,CJ L,LT 6,100,1229,CSIIndR,CSIIndR,CSIIndR,0,250,a≤250,2,2,100,*,12,*,*,*,*,*,NÃO INFORMADO,PONTO MÉDIO DA TESTADA FRONTAL,NÃO,PERMITIDO TIPO 1,NÃO INFORMADO,*,
259.809,SAMAMBAIA,QI 616 CJ L LT 1,*,QI 616,CJ L,LT 1,100,1229,CSIIndR,CSIIndR,CSIIndR,0,250,a≤250,2,2,100,*,12,*,*,*,*,*,NÃO INFORMADO,PONTO MÉDIO DA TESTADA FRONTAL,NÃO,PERMITIDO TIPO 1,NÃO INFORMADO,*,
234.080,SAMAMBAIA,QI 616 CJ J LT 1,*,QI 616,CJ J,LT 1,800,1207,CSIIR 1 NO,CSIIR 1 NO,CSIIR 1 NO,250,800,250<a≤800,2,3,80,10,33,*,*,*,*,*,NÃO INFORMADO,PONTO MÉDIO DA TESTADA FRONTAL,NÃO,PERMITIDO TIPO 2,NÃO INFORMADO,*,
237.055,SAMAMBAIA,QI 616 CJ L LT 3,*,QI 616,CJ L,LT 3,100,1229,CSIIndR,CSIIndR,CSIIndR,0,250,a≤250,2,2,100,*,12,*,*,*,*,*,NÃO INFORMADO,PONTO MÉDIO DA TESTADA FRONTAL,NÃO,PERMITIDO TIPO 1,NÃO INFORMADO,*,
256.652,SAMAMBAIA,QI 616 CJ L LT 2,*,QI 616,CJ L,LT 2,100,1229,CSIIndR,CSIIndR,CSIIndR,0,250,a≤250,2,2,100,*,12,*,*,*,*,*,NÃO INFORMADO,PONTO MÉDIO DA TESTADA FRONTAL,NÃO,PERMITIDO TIPO 1,NÃO INFORMADO,*,
244.861,SAMAMBAIA,QI 616 CJ L LT 7,*,QI 616,CJ L,LT 7,100,1229,CSIIndR,CSIIndR,CSIIndR,0,250,a≤250,2,2,100,*,12,*,*,*,*,*,NÃO INFORMADO,PONTO MÉDIO DA TESTADA FRONTAL,NÃO,PERMITIDO TIPO 1,NÃO INFORMADO,*,
247.118,SAMAMBAIA,QI 616 CJ L LT 8,*,QI 616,CJ L,LT 8,100,1229,CSIIndR,CSIIndR,CSIIndR,0,250,a≤250,2,2,100,*,12,*,*,*,*,*,NÃO INFORMADO,PONTO MÉDIO DA TESTADA FRONTAL,NÃO,PERMITIDO TIPO 1,NÃO INFORMADO,*,
233.875,SAMAMBAIA,QI 616 CJ L LT 5,*,QI 616,CJ L,LT 5,100,1229,CSIIndR,CSIIndR,CSIIndR,0,250,a≤250,2,2,100,*,12,*,*,*,*,*,NÃO INFORMADO,PONTO MÉDIO DA TESTADA FRONTAL,NÃO,PERMITIDO TIPO 1,NÃO INFORMADO,*,
235.300,SAMAMBAIA,QI 616 CJ J LT 2,*,QI 616,CJ J,LT 2,800,1207,CSIIR 1 NO,CSIIR 1 NO,CSIIR 1 NO,250,800,250<a≤800,2,3,80,10,33,*,*,*,*,*,NÃO INFORMADO,PONTO MÉDIO DA TESTADA FRONTAL,NÃO,PERMITIDO TIPO 2,NÃO INFORMADO,*,
260.039,SAMAMBAIA,QI 616 CJ 1 LT 12,*,QI 616,CJ 1,LT 12,300,1231,CSIInd 1,CSIInd 1,CSIInd 1,0,350,a≤350,2,2,100,*,12,*,*,*,*,*,NÃO INFORMADO,PONTO MÉDIO DA TESTADA FRONTAL,NÃO,PERMITIDO TIPO 1,NÃO INFORMADO,*,
273.507,SAMAMBAIA,QI 616 CJ 1 LT 11,*,QI 616,CJ 1,LT 11,300,1231,CSIInd 1,CSIInd 1,CSIInd 1,0,350,a≤350,2,2,100,*,12,*,*,*,*,*,NÃO INFORMADO,PONTO MÉDIO DA TESTADA FRONTAL,NÃO,PERMITIDO TIPO 1,NÃO INFORMADO,*,
238.623,SAMAMBAIA,QI 616 CJ 2 LT 26,*,QI 616,CJ 2,LT 26,300,1231,CSIInd 1,CSIInd 1,CSIInd 1,0,350,a≤350,2,2,100,*,12,*,*,*,*,*,NÃO INFORMADO,PONTO MÉDIO DA TESTADA FRONTAL,NÃO,PERMITIDO TIPO 1,NÃO INFORMADO,*,
261.628,SAMAMBAIA,QI 616 CJ 2 LT 7,*,QI 616,CJ 2,LT 7,1.500,1232,CSIInd 1,CSIInd 1,CSIInd 1,800,3.000,800<a≤3000,2,2,80,10,19,*,*,*,*,*,NÃO INFORMADO,PONTO MÉDIO DA TESTADA FRONTAL,NÃO,PERMITIDO TIPO 2,NÃO INFORMADO,*,
249.303,SAMAMBAIA,QI 616 CJ 1 LT 25,*,QI 616,CJ 1,LT 25,2.475,1232,CSIInd 1,CSIInd 1,CSIInd 1,800,3.000,800<a≤3000,2,2,80,10,19,*,*,*,*,*,NÃO INFORMADO,PONTO MÉDIO DA TESTADA FRONTAL,NÃO,PERMITIDO TIPO 2,NÃO INFORMADO,*,
252.960,SAMAMBAIA,QI 616 CJ 2 LT 15,*,QI 616,CJ 2,LT 15,200,1231,CSIInd 1,CSIInd 1,CSIInd 1,0,350,a≤350,2,2,100,*,12,*,*,*,*,*,NÃO INFORMADO,PONTO MÉDIO DA TESTADA FRONTAL,NÃO,PERMITIDO TIPO 1,NÃO INFORMADO,*,
253.102,SAMAMBAIA,QI 616 CJ 2 LT 17,*,QI 616,CJ 2,LT 17,300,1231,CSIInd 1,CSIInd 1,CSIInd 1,0,350,a≤350,2,2,100,*,12,*,*,*,*,*,NÃO INFORMADO,PONTO MÉDIO DA TESTADA FRONTAL,NÃO,PERMITIDO TIPO 1,NÃO INFORMADO,*,
267.243,SAMAMBAIA,QI 616 CJ 1 LT 24,*,QI 616,CJ 1,LT 24,2.325,1232,CSIInd 1,CSIInd 1,CSIInd 1,800,3.000,800<a≤3000,2,2,80,10,19,*,*,*,*,*,NÃO INFORMADO,PONTO MÉDIO DA TESTADA FRONTAL,NÃO,PERMITIDO TIPO 2,NÃO INFORMADO,*,
267.275,SAMAMBAIA,QI 616 CJ 1 LT 8,*,QI 616,CJ 1,LT 8,200,1231,CSIInd 1,CSIInd 1,CSIInd 1,0,350,a≤350,2,2,100,*,12,*,*,*,*,*,NÃO INFORMADO,PONTO MÉDIO DA TESTADA FRONTAL,NÃO,PERMITIDO TIPO 1,NÃO INFORMADO,*,
267.984,SAMAMBAIA,QI 616 CJ 2 LT 25,*,QI 616,CJ 2,LT 25,300,1231,CSIInd 1,CSIInd 1,CSIInd 1,0,350,a≤350,2,2,100,*,12,*,*,*,*,*,NÃO INFORMADO,PONTO MÉDIO DA TESTADA FRONTAL,NÃO,PERMITIDO TIPO 1,NÃO INFORMADO,*,
272.775,SAMAMBAIA,QI 616 CJ 1 LT 20,*,QI 616,CJ 1,LT 20,200,1231,CSIInd 1,CSIInd 1,CSIInd 1,0,350,a≤350,2,2,100,*,12,*,*,*,*,*,NÃO INFORMADO,PONTO MÉDIO DA TESTADA FRONTAL,NÃO,PERMITIDO TIPO 1,NÃO INFORMADO,*,
264.527,SAMAMBAIA,QI 616 CJ 1 LT 17,*,QI 616,CJ 1,LT 17,300,1231,CSIInd 1,CSIInd 1,CSIInd 1,0,350,a≤350,2,2,100,*,12,*,*,*,*,*,NÃO INFORMADO,PONTO MÉDIO DA TESTADA FRONTAL,NÃO,PERMITIDO TIPO 1,NÃO INFORMADO,*,
244.886,SAMAMBAIA,QI 616 CJ 2 LT 12,*,QI 616,CJ 2,LT 12,1.838,1232,CSIInd 1,CSIInd 1,CSIInd 1,800,3.000,800<a≤3000,2,2,80,10,19,*,*,*,*,*,NÃO INFORMADO,PONTO MÉDIO DA TESTADA FRONTAL,NÃO,PERMITIDO TIPO 2,NÃO INFORMADO,*,
273.628,SAMAMBAIA,QI 616 CJ 1 LT 23,*,QI 616,CJ 1,LT 23,2.175,1232,CSIInd 1,CSIInd 1,CSIInd 1,800,3.000,800<a≤3000,2,2,80,10,19,*,*,*,*,*,NÃO INFORMADO,PONTO MÉDIO DA TESTADA FRONTAL,NÃO,PERMITIDO TIPO 2,NÃO INFORMADO,*,
274.210,SAMAMBAIA,QI 616 CJ 1 LT 21,*,QI 616,CJ 1,LT 21,200,1231,CSIInd 1,CSIInd 1,CSIInd 1,0,350,a≤350,2,2,100,*,12,*,*,*,*,*,NÃO INFORMADO,PONTO MÉDIO DA TESTADA FRONTAL,NÃO,PERMITIDO TIPO 1,NÃO INFORMADO,*,
274.632,SAMAMBAIA,QI 616 CJ 2 LT 3,*,QI 616,CJ 2,LT 3,200,1231,CSIInd 1,CSIInd 1,CSIInd 1,0,350,a≤350,2,2,100,*,12,*,*,*,*,*,NÃO INFORMADO,PONTO MÉDIO DA TESTADA FRONTAL,NÃO,PERMITIDO TIPO 1,NÃO INFORMADO,*,
275.112,SAMAMBAIA,QI 616 CJ 2 LT 1,*,QI 616,CJ 2,LT 1,200,1231,CSIInd 1,CSIInd 1,CSIInd 1,0,350,a≤350,2,2,100,*,12,*,*,*,*,*,NÃO INFORMADO,PONTO MÉDIO DA TESTADA FRONTAL,NÃO,PERMITIDO TIPO 1,NÃO INFORMADO,*,
278.347,SAMAMBAIA,QI 616 CJ I LT 2,*,QI 616,CJ I,LT 2,"989,98",1232,CSIInd 1,CSIInd 1,CSIInd 1,800,3.000,800<a≤3000,2,2,80,10,19,*,*,*,*,*,NÃO INFORMADO,PONTO MÉDIO DA TESTADA FRONTAL,NÃO,PERMITIDO TIPO 2,NÃO INFORMADO,*,
240.282,SAMAMBAIA,QI 616 CJ 1 LT 13,*,QI 616,CJ 1,LT 13,300,1231,CSIInd 1,CSIInd 1,CSIInd 1,0,350,a≤350,2,2,100,*,12,*,*,*,*,*,NÃO INFORMADO,PONTO MÉDIO DA TESTADA FRONTAL,NÃO,PERMITIDO TIPO 1,NÃO INFORMADO,*,
240.690,SAMAMBAIA,QI 616 CJ 2 LT 5,*,QI 616,CJ 2,LT 5,1.800,1232,CSIInd 1,CSIInd 1,CSIInd 1,800,3.000,800<a≤3000,2,2,80,10,19,*,*,*,*,*,NÃO INFORMADO,PONTO MÉDIO DA TESTADA FRONTAL,NÃO,PERMITIDO TIPO 2,NÃO INFORMADO,*,
280.361,SAMAMBAIA,QI 616 CJ 2 LT 23,*,QI 616,CJ 2,LT 23,300,1231,CSIInd 1,CSIInd 1,CSIInd 1,0,350,a≤350,2,2,100,*,12,*,*,*,*,*,NÃO INFORMADO,PONTO MÉDIO DA TESTADA FRONTAL,NÃO,PERMITIDO TIPO 1,NÃO INFORMADO,*,
280.740,SAMAMBAIA,QI 616 CJ 2 LT 8,*,QI 616,CJ 2,LT 8,2.513,1232,CSIInd 1,CSIInd 1,CSIInd 1,800,3.000,800<a≤3000,2,2,80,10,19,*,*,*,*,*,NÃO INFORMADO,PONTO MÉDIO DA TESTADA FRONTAL,NÃO,PERMITIDO TIPO 2,NÃO INFORMADO,*,
243.309,SAMAMBAIA,QI 616 CJ 2 LT 24,*,QI 616,CJ 2,LT 24,300,1231,CSIInd 1,CSIInd 1,CSIInd 1,0,350,a≤350,2,2,100,*,12,*,*,*,*,*,NÃO INFORMADO,PONTO MÉDIO DA TESTADA FRONTAL,NÃO,PERMITIDO TIPO 1,NÃO INFORMADO,*,
244.824,SAMAMBAIA,QI 616 CJ 1 LT 6,*,QI 616,CJ 1,LT 6,2.100,1232,CSIInd 1,CSIInd 1,CSIInd 1,800,3.000,800<a≤3000,2,2,80,10,19,*,*,*,*,*,NÃO INFORMADO,PONTO MÉDIO DA TESTADA FRONTAL,NÃO,PERMITIDO TIPO 2,NÃO INFORMADO,*,
234.446,SAMAMBAIA,QI 616 CJ 2 LT 4,*,QI 616,CJ 2,LT 4,1.800,1232,CSIInd 1,CSIInd 1,CSIInd 1,800,3.000,800<a≤3000,2,2,80,10,19,*,*,*,*,*,NÃO INFORMADO,PONTO MÉDIO DA TESTADA FRONTAL,NÃO,PERMITIDO TIPO 2,NÃO INFORMADO,*,
235.561,SAMAMBAIA,QI 616 CJ 1 LT 26,*,QI 616,CJ 1,LT 26,2.625,1232,CSIInd 1,CSIInd 1,CSIInd 1,800,3.000,800<a≤3000,2,2,80,10,19,*,*,*,*,*,NÃO INFORMADO,PONTO MÉDIO DA TESTADA FRONTAL,NÃO,PERMITIDO TIPO 2,NÃO INFORMADO,*,
236.633,SAMAMBAIA,QI 616 CJ 2 LT 16,*,QI 616,CJ 2,LT 16,200,1231,CSIInd 1,CSIInd 1,CSIInd 1,0,350,a≤350,2,2,100,*,12,*,*,*,*,*,NÃO INFORMADO,PONTO MÉDIO DA TESTADA FRONTAL,NÃO,PERMITIDO TIPO 1,NÃO INFORMADO,*,
237.358,SAMAMBAIA,QI 616 CJ 2 LT 13,*,QI 616,CJ 2,LT 13,2.213,1232,CSIInd 1,CSIInd 1,CSIInd 1,800,3.000,800<a≤3000,2,2,80,10,19,*,*,*,*,*,NÃO INFORMADO,PONTO MÉDIO DA TESTADA FRONTAL,NÃO,PERMITIDO TIPO 2,NÃO INFORMADO,*,
239.235,SAMAMBAIA,QI 616 CJ 1 LT 16,*,QI 616,CJ 1,LT 16,300,1231,CSIInd 1,CSIInd 1,CSIInd 1,0,350,a≤350,2,2,100,*,12,*,*,*,*,*,NÃO INFORMADO,PONTO MÉDIO DA TESTADA FRONTAL,NÃO,PERMITIDO TIPO 1,NÃO INFORMADO,*,
247.155,SAMAMBAIA,QI 616 CJ 1 LT 7,*,QI 616,CJ 1,LT 7,200,1231,CSIInd 1,CSIInd 1,CSIInd 1,0,350,a≤350,2,2,100,*,12,*,*,*,*,*,NÃO INFORMADO,PONTO MÉDIO DA TESTADA FRONTAL,NÃO,PERMITIDO TIPO 1,NÃO INFORMADO,*,
248.273,SAMAMBAIA,QI 616 CJ 2 LT 19,*,QI 616,CJ 2,LT 19,300,1231,CSIInd 1,CSIInd 1,CSIInd 1,0,350,a≤350,2,2,100,*,12,*,*,*,*,*,NÃO INFORMADO,PONTO MÉDIO DA TESTADA FRONTAL,NÃO,PERMITIDO TIPO 1,NÃO INFORMADO,*,
263.793,SAMAMBAIA,QI 616 CJ 2 LT 14,*,QI 616,CJ 2,LT 14,200,1231,CSIInd 1,CSIInd 1,CSIInd 1,0,350,a≤350,2,2,100,*,12,*,*,*,*,*,NÃO INFORMADO,PONTO MÉDIO DA TESTADA FRONTAL,NÃO,PERMITIDO TIPO 1,NÃO INFORMADO,*,
248.298,SAMAMBAIA,QN 614 AE 1 ESCOLA CLASSE,*,QN 614,*,AE 1 ESCOLA CLASSE,"7.515,15",*,*,Inst EP,Inst EP,*,*,*,*,9,*,20,"57,5",*,*,*,*,*,null,null,null,null,NÃO INFORMADO,*,
49.146,TAGUATINGA,SETOR C SUL QSC 22 LT 4,SETOR C SUL,QSC 22,*,LT 4,300,305,RO 1,RO 1,RO 1,250,650,250<a≤650,2,2,80,10,"10,5",*,*,*,*,*,NÃO INFORMADO,PONTO MÉDIO DA TESTADA FRONTAL,NÃO,PERMITIDO TIPO 1,PROIBIDO,*,
50.967,TAGUATINGA,SETOR L NORTE QNL 4 CJ D LT 9,SETOR L NORTE,QNL 4,CJ D,LT 9,200,304,RO 1,RO 1,RO 1,0,250,a≤250,2,2,100,*,"10,5",*,*,*,*,*,NÃO INFORMADO,PONTO MÉDIO DA TESTADA FRONTAL,NÃO,PERMITIDO TIPO 1,PROIBIDO,*,
65.008,TAGUATINGA,SETOR A NORTE QNA 13 LT 26,SETOR A NORTE,QNA 13,*,LT 26,300,305,RO 1,RO 1,RO 1,250,650,250<a≤650,2,2,80,10,"10,5",*,*,*,*,*,NÃO INFORMADO,PONTO MÉDIO DA TESTADA FRONTAL,NÃO,PERMITIDO TIPO 1,PROIBIDO,*,
65.047,TAGUATINGA,SETOR C NORTE QNC 4 LT 9,SETOR C NORTE,QNC 4,*,LT 9,350,305,RO 1,RO 1,RO 1,250,650,250<a≤650,2,2,80,10,"10,5",*,*,*,*,*,NÃO INFORMADO,PONTO MÉDIO DA TESTADA FRONTAL,NÃO,PERMITIDO TIPO 1,PROIBIDO,*,
62.648,TAGUATINGA,SETOR C SUL CSC 12 LT 1,SETOR C SUL,CSC 12,*,LT 1,150,321,CSIIR 2,CSIIR 2,CSIIR 2,0,180,a≤180,2,4,100,*,"15,5",*,*,*,*,*,NÃO INFORMADO,PONTO MÉDIO DA TESTADA FRONTAL,SIM,PERMITIDO TIPO 1,OBRIGATÓRIO,*,
57.199,TAGUATINGA,SETOR A SUL QSA 23 LT 8,SETOR A SUL,QSA 23,*,LT 8,300,315,CSIIR 2 NO,CSIIR 2 NO,CSIIR 2 NO,0,500,a≤500,2,3,100,*,"15,5",*,*,*,*,*,NÃO INFORMADO,PONTO MÉDIO DA TESTADA FRONTAL,NÃO,PERMITIDO TIPO 1,NÃO INFORMADO,*,
56.824,TAGUATINGA,SETOR B SUL QSB 1 LT 16,SETOR B SUL,QSB 1,*,LT 16,350,315,CSIIR 2 NO,CSIIR 2 NO,CSIIR 2 NO,0,500,a≤500,2,3,100,*,"15,5",*,*,*,*,*,NÃO INFORMADO,PONTO MÉDIO DA TESTADA FRONTAL,NÃO,PERMITIDO TIPO 1,NÃO INFORMADO,*,
47.250,TAGUATINGA,SETOR C SUL QSC 28 LT 34,SETOR C SUL,QSC 28,*,LT 34,300,305,RO 1,RO 1,RO 1,250,650,250<a≤650,2,2,80,10,"10,5",*,*,*,*,*,NÃO INFORMADO,PONTO MÉDIO DA TESTADA FRONTAL,NÃO,PERMITIDO TIPO 1,PROIBIDO,*,
58.769,TAGUATINGA,SETOR L NORTE QNL 6 BL I LT 3,SETOR L NORTE,QNL 6,BL I,LT 3,120,304,RO 1,RO 1,RO 1,0,250,a≤250,2,2,100,*,"10,5",*,*,*,*,*,NÃO INFORMADO,PONTO MÉDIO DA TESTADA FRONTAL,NÃO,PERMITIDO TIPO 1,PROIBIDO,*,
76.705,TAGUATINGA,SETOR L NORTE QNL 18 CJ E LT 22,SETOR L NORTE,QNL 18,CJ E,LT 22,108,304,RO 1,RO 1,RO 1,0,250,a≤250,2,2,100,*,"10,5",*,*,*,*,*,NÃO INFORMADO,PONTO MÉDIO DA TESTADA FRONTAL,NÃO,PERMITIDO TIPO 1,PROIBIDO,*,
39.522,TAGUATINGA,SETOR D SUL QSD 22 LT 33,SETOR D SUL,QSD 22,*,LT 33,300,305,RO 1,RO 1,RO 1,250,650,250<a≤650,2,2,80,10,"10,5",*,*,*,*,*,NÃO INFORMADO,PONTO MÉDIO DA TESTADA FRONTAL,NÃO,PERMITIDO TIPO 1,PROIBIDO,*,
39.749,TAGUATINGA,SETOR D SUL QSD 11 LT 30,SETOR D SUL,QSD 11,*,LT 30,300,305,RO 1,RO 1,RO 1,250,650,250<a≤650,2,2,80,10,"10,5",*,*,*,*,*,NÃO INFORMADO,PONTO MÉDIO DA TESTADA FRONTAL,NÃO,PERMITIDO TIPO 1,PROIBIDO,*,
41.814,TAGUATINGA,SETOR A SUL QSA 7 LT 12,SETOR A SUL,QSA 7,*,LT 12,"389,825",305,RO 1,RO 1,RO 1,250,650,250<a≤650,2,2,80,10,"10,5",*,*,*,*,*,NÃO INFORMADO,PONTO MÉDIO DA TESTADA FRONTAL,NÃO,PERMITIDO TIPO 1,PROIBIDO,*,
75.170,TAGUATINGA,SETOR L NORTE QNL 18 CJ A LT 24,SETOR L NORTE,QNL 18,CJ A,LT 24,"111,9",304,RO 1,RO 1,RO 1,0,250,a≤250,2,2,100,*,"10,5",*,*,*,*,*,NÃO INFORMADO,PONTO MÉDIO DA TESTADA FRONTAL,NÃO,PERMITIDO TIPO 1,PROIBIDO,*,
37.289,TAGUATINGA,SETOR B SUL QSB 14 LT 23,SETOR B SUL,QSB 14,*,LT 23,300,305,RO 1,RO 1,RO 1,250,650,250<a≤650,2,2,80,10,"10,5",*,*,*,*,*,NÃO INFORMADO,PONTO MÉDIO DA TESTADA FRONTAL,NÃO,PERMITIDO TIPO 1,PROIBIDO,*,
75.501,TAGUATINGA,SETOR L NORTE QNL 1 BL F LT 6,SETOR L NORTE,QNL 1,BL F,LT 6,120,304,RO 1,RO 1,RO 1,0,250,a≤250,2,2,100,*,"10,5",*,*,*,*,*,NÃO INFORMADO,PONTO MÉDIO DA TESTADA FRONTAL,NÃO,PERMITIDO TIPO 1,PROIBIDO,*,
66.790,TAGUATINGA,SETOR D SUL QSD 6 LT 22,SETOR D SUL,QSD 6,*,LT 22,300,305,RO 1,RO 1,RO 1,250,650,250<a≤650,2,2,80,10,"10,5",*,*,*,*,*,NÃO INFORMADO,PONTO MÉDIO DA TESTADA FRONTAL,NÃO,PERMITIDO TIPO 1,PROIBIDO,*,
36.628,TAGUATINGA,SETOR D SUL QSD 16 LT 1,SETOR D SUL,QSD 16,*,LT 1,300,307,RO 2,RO 2,RO 2,250,650,250<a≤650,2,2,80,10,"10,5",*,*,*,*,*,NÃO INFORMADO,PONTO MÉDIO DA TESTADA FRONTAL,NÃO,PERMITIDO TIPO 1,PROIBIDO,*,
40.976,TAGUATINGA,SETOR A NORTE QNA 13 LT 3,SETOR A NORTE,QNA 13,*,LT 3,300,305,RO 1,RO 1,RO 1,250,650,250<a≤650,2,2,80,10,"10,5",*,*,*,*,*,NÃO INFORMADO,PONTO MÉDIO DA TESTADA FRONTAL,NÃO,PERMITIDO TIPO 1,PROIBIDO,*,
57.011,TAGUATINGA,SETOR L NORTE QNL 9 CJ F LT 1,SETOR L NORTE,QNL 9,CJ F,LT 1,200,304,RO 1,RO 1,RO 1,0,250,a≤250,2,2,100,*,"10,5",*,*,*,*,*,NÃO INFORMADO,PONTO MÉDIO DA TESTADA FRONTAL,NÃO,PERMITIDO TIPO 1,PROIBIDO,*,
59.144,TAGUATINGA,SETOR C SUL QSC 22 LT 13,SETOR C SUL,QSC 22,*,LT 13,300,305,RO 1,RO 1,RO 1,250,650,250<a≤650,2,2,80,10,"10,5",*,*,*,*,*,NÃO INFORMADO,PONTO MÉDIO DA TESTADA FRONTAL,NÃO,PERMITIDO TIPO 1,PROIBIDO,*,
65.625,TAGUATINGA,SETOR A NORTE QNA 5 LT 4,SETOR A NORTE,QNA 5,*,LT 4,300,305,RO 1,RO 1,RO 1,250,650,250<a≤650,2,2,80,10,"10,5",*,*,*,*,*,NÃO INFORMADO,PONTO MÉDIO DA TESTADA FRONTAL,NÃO,PERMITIDO TIPO 1,PROIBIDO,*,
80.362,TAGUATINGA,SETOR D SUL QSD 4 LT 31,SETOR D SUL,QSD 4,*,LT 31,300,305,RO 1,RO 1,RO 1,250,650,250<a≤650,2,2,80,10,"10,5",*,*,*,*,*,NÃO INFORMADO,PONTO MÉDIO DA TESTADA FRONTAL,NÃO,PERMITIDO TIPO 1,PROIBIDO,*,
58.393,TAGUATINGA,SETOR CENTRAL C 2 LT 11,SETOR CENTRAL,C 2,*,LT 11,375,328,"CSIIR 2 - Setor Central C1 a C3, C5 a C8","CSIIR 2 - Setor Central C1 a C3, C5 a C8",CSIIR 2,0,2.500,a≤2500,2,5,100,*,"64,5",*,*,*,*,*,NÃO INFORMADO,PONTO MÉDIO DA TESTADA FRONTAL,SIM,PERMITIDO TIPO 1,OBRIGATÓRIO,*,
71.458,TAGUATINGA,SETOR B SUL QSB 16 LT 2,SETOR B SUL,QSB 16,*,LT 2,300,308,CSIIR 1 NO,CSIIR 1 NO,CSIIR 1 NO,0,700,a≤700,2,"2,5",100,*,"15,5",*,*,*,*,*,NÃO INFORMADO,PONTO MÉDIO DA TESTADA FRONTAL,NÃO,PERMITIDO TIPO 1,NÃO INFORMADO,*,
80.304,TAGUATINGA,SETOR CENTRAL C 2 LT 22,SETOR CENTRAL,C 2,*,LT 22,375,328,"CSIIR 2 - Setor Central C1 a C3, C5 a C8","CSIIR 2 - Setor Central C1 a C3, C5 a C8",CSIIR 2,0,2.500,a≤2500,2,5,100,*,"64,5",*,*,*,*,*,NÃO INFORMADO,PONTO MÉDIO DA TESTADA FRONTAL,SIM,PERMITIDO TIPO 1,OBRIGATÓRIO,*,
82.800,TAGUATINGA,SETOR B NORTE CNB 4 LT 14,SETOR B NORTE,CNB 4,*,LT 14,600,325,"CSIIR 2 - CSA, CSB e CNB","CSIIR 2 - CSA, CSB e CNB",CSIIR 2,300,3.500,300<a≤3500,2,5,100,*,54,*,*,*,*,*,NÃO INFORMADO,PONTO MÉDIO DA TESTADA FRONTAL,SIM,PERMITIDO TIPO 1,OBRIGATÓRIO,*,
42.271,TAGUATINGA,SETOR D SUL QSD 29 LT 6,SETOR D SUL,QSD 29,*,LT 6,300,305,RO 1,RO 1,RO 1,250,650,250<a≤650,2,2,80,10,"10,5",*,*,*,*,*,NÃO INFORMADO,PONTO MÉDIO DA TESTADA FRONTAL,NÃO,PERMITIDO TIPO 1,PROIBIDO,*,
69.880,TAGUATINGA,SETOR D SUL QSD 11 LT 25,SETOR D SUL,QSD 11,*,LT 25,300,341,CSII 3,CSII 3,CSII 3,0,600,a≤600,2,3,100,*,"15,5",*,*,*,*,*,NÃO INFORMADO,PONTO MÉDIO DA TESTADA FRONTAL,SIM,PERMITIDO TIPO 1,OBRIGATÓRIO,*,
75.929,TAGUATINGA,SETOR B SUL QSB AE 2,SETOR B SUL,QSB,*,AE 2,1.880,313,CSIIR 1,CSIIR 1,CSIIR 1,1.500,4.000,1500<a≤4000,2,2,70,20,"22,5",*,*,*,*,*,NÃO INFORMADO,PONTO MÉDIO DA EDIFICAÇÃO,NÃO,PERMITIDO TIPO 2,NÃO INFORMADO,*,
82.501,TAGUATINGA,SETOR DE INDÚSTRIAS GRÁFICAS CJ C LT 6,SETOR DE INDUSTRIAS GRAFICAS,*,CJ C,LT 6,300,347,CSIInd 1,CSIInd 1,CSIInd 1,0,400,a≤400,2,2,100,*,"15,5",*,*,*,*,*,NÃO INFORMADO,PONTO MÉDIO DA TESTADA FRONTAL,NÃO,PERMITIDO TIPO 1,NÃO INFORMADO,*,
83.456,TAGUATINGA,SETOR C SUL QSC 22 LT 23,SETOR C SUL,QSC 22,*,LT 23,300,305,RO 1,RO 1,RO 1,250,650,250<a≤650,2,2,80,10,"10,5",*,*,*,*,*,NÃO INFORMADO,PONTO MÉDIO DA TESTADA FRONTAL,NÃO,PERMITIDO TIPO 1,PROIBIDO,*,
53.855,TAGUATINGA,SETOR A SUL QSA 13 LT 42,SETOR A SUL,QSA 13,*,LT 42,310,307,RO 2,RO 2,RO 2,250,650,250<a≤650,2,2,80,10,"10,5",*,*,*,*,*,NÃO INFORMADO,PONTO MÉDIO DA TESTADA FRONTAL,NÃO,PERMITIDO TIPO 1,PROIBIDO,*,
36.177,TAGUATINGA,SETOR A NORTE QNA 2 LT 9,SETOR A NORTE,QNA 2,*,LT 9,300,322,CSIIR 2,CSIIR 2,CSIIR 2,180,1.000,180<a≤1000,2,3,100,*,"36,5",*,*,*,*,*,NÃO INFORMADO,PONTO MÉDIO DA TESTADA FRONTAL,SIM,PERMITIDO TIPO 1,OBRIGATÓRIO,*,
39.717,TAGUATINGA,SETOR CENTRAL C 2 LT 8,SETOR CENTRAL,C 2,*,LT 8,375,328,"CSIIR 2 - Setor Central C1 a C3, C5 a C8","CSIIR 2 - Setor Central C1 a C3, C5 a C8",CSIIR 2,0,2.500,a≤2500,2,5,100,*,"64,5",*,*,*,*,*,NÃO INFORMADO,PONTO MÉDIO DA TESTADA FRONTAL,SIM,PERMITIDO TIPO 1,OBRIGATÓRIO,*,
41.038,TAGUATINGA,SETOR A NORTE QNA 16 LT 7,SETOR A NORTE,QNA 16,*,LT 7,300,322,CSIIR 2,CSIIR 2,CSIIR 2,180,1.000,180<a≤1000,2,3,100,*,"36,5",*,*,*,*,*,NÃO INFORMADO,PONTO MÉDIO DA TESTADA FRONTAL,SIM,PERMITIDO TIPO 1,OBRIGATÓRIO,*,
43.147,TAGUATINGA,CENTRO METROPOLITANO Q 3 CJ C LT 1,CENTRO METROPOLITANO,Q 3,CJ C,LT 1,"1.837,50",323,CSIIR 2,CSIIR 2,CSIIR 2,1.000,5.000,1000<a≤5000,2,"3,8",70,20,"36,5",*,*,*,*,*,NÃO INFORMADO,PONTO MÉDIO DA TESTADA FRONTAL,NÃO,PERMITIDO TIPO 2,NÃO INFORMADO,*,
46.879,TAGUATINGA,SETOR A SUL QSA 10 LT 3,SETOR A SUL,QSA 10,*,LT 3,"354,64",315,CSIIR 2 NO,CSIIR 2 NO,CSIIR 2 NO,0,500,a≤500,2,3,100,*,"15,5",*,*,*,*,*,NÃO INFORMADO,PONTO MÉDIO DA TESTADA FRONTAL,NÃO,PERMITIDO TIPO 1,NÃO INFORMADO,*,
48.165,TAGUATINGA,SETOR L NORTE QNL 20 VIA LN 29 LT 31,SETOR L NORTE,QNL 20,VIA LN 29,LT 31,"171,21",308,CSIIR 1 NO,CSIIR 1 NO,CSIIR 1 NO,0,700,a≤700,2,"2,5",100,*,"15,5",*,*,*,*,*,NÃO INFORMADO,PONTO MÉDIO DA TESTADA FRONTAL,NÃO,PERMITIDO TIPO 1,NÃO INFORMADO,*,
48.834,TAGUATINGA,SETOR A SUL CSA 1 LT 3,SETOR A SUL,CSA 1,*,LT 3,525,325,"CSIIR 2 - CSA, CSB e CNB","CSIIR 2 - CSA, CSB e CNB",CSIIR 2,300,3.500,300<a≤3500,2,5,100,*,54,*,*,*,*,*,NÃO INFORMADO,PONTO MÉDIO DA TESTADA FRONTAL,SIM,PERMITIDO TIPO 1,OBRIGATÓRIO,*,
49.360,TAGUATINGA,CENTRO METROPOLITANO PRAÇA DO SOL LT 3,CENTRO METROPOLITANO,PRACA DO SOL,*,LT 3,"16.980,26",324,CSIIR 2,CSIIR 2,CSIIR 2,5.000,20.000,5000<a≤20000,2,2,60,30,"29,5",*,*,*,*,*,NÃO INFORMADO,PONTO MÉDIO DA EDIFICAÇÃO,NÃO,PERMITIDO TIPO 2,NÃO INFORMADO,*,
53.488,TAGUATINGA,SETOR A SUL QSA 12 LT 12,SETOR A SUL,QSA 12,*,LT 12,310,322,CSIIR 2,CSIIR 2,CSIIR 2,180,1.000,180<a≤1000,2,3,100,*,"36,5",*,*,*,*,*,NÃO INFORMADO,PONTO MÉDIO DA TESTADA FRONTAL,SIM,PERMITIDO TIPO 1,OBRIGATÓRIO,*,
53.676,TAGUATINGA,SETOR A SUL QSA 15 LT 2,SETOR A SUL,QSA 15,*,LT 2,310,308,CSIIR 1 NO,CSIIR 1 NO,CSIIR 1 NO,0,700,a≤700,2,"2,5",100,*,"15,5",*,*,*,*,*,NÃO INFORMADO,PONTO MÉDIO DA TESTADA FRONTAL,NÃO,PERMITIDO TIPO 1,NÃO INFORMADO,*,
59.653,TAGUATINGA,SETOR B NORTE CNB 4 LT 2,SETOR B NORTE,CNB 4,*,LT 2,600,325,"CSIIR 2 - CSA, CSB e CNB","CSIIR 2 - CSA, CSB e CNB",CSIIR 2,300,3.500,300<a≤3500,2,5,100,*,54,*,*,*,*,*,NÃO INFORMADO,PONTO MÉDIO DA TESTADA FRONTAL,SIM,PERMITIDO TIPO 1,OBRIGATÓRIO,*,
66.228,TAGUATINGA,SETOR L NORTE QNL 14 VIA LN 29 LT 10,SETOR L NORTE,QNL 14,VIA LN 29,LT 10,"140,73",308,CSIIR 1 NO,CSIIR 1 NO,CSIIR 1 NO,0,700,a≤700,2,"2,5",100,*,"15,5",*,*,*,*,*,NÃO INFORMADO,PONTO MÉDIO DA TESTADA FRONTAL,NÃO,PERMITIDO TIPO 1,NÃO INFORMADO,*,
71.052,TAGUATINGA,CENTRO METROPOLITANO Q 2 CJ A LT 4,CENTRO METROPOLITANO,Q 2,CJ A,LT 4,2.000,323,CSIIR 2,CSIIR 2,CSIIR 2,1.000,5.000,1000<a≤5000,2,"3,8",70,20,"36,5",*,*,*,*,*,NÃO INFORMADO,PONTO MÉDIO DA TESTADA FRONTAL,NÃO,PERMITIDO TIPO 2,NÃO INFORMADO,*,
74.240,TAGUATINGA,CENTRO METROPOLITANO PRAÇA DO SOL LT 4,CENTRO METROPOLITANO,PRACA DO SOL,*,LT 4,"10.690,60",324,CSIIR 2,CSIIR 2,CSIIR 2,5.000,20.000,5000<a≤20000,2,2,60,30,"29,5",*,*,*,*,*,NÃO INFORMADO,PONTO MÉDIO DA EDIFICAÇÃO,NÃO,PERMITIDO TIPO 2,NÃO INFORMADO,*,
74.759,TAGUATINGA,SETOR L NORTE QNL 16 VIA LN 29 LT 67,SETOR L NORTE,QNL 16,VIA LN 29,LT 67,"139,46",308,CSIIR 1 NO,CSIIR 1 NO,CSIIR 1 NO,0,700,a≤700,2,"2,5",100,*,"15,5",*,*,*,*,*,NÃO INFORMADO,PONTO MÉDIO DA TESTADA FRONTAL,NÃO,PERMITIDO TIPO 1,NÃO INFORMADO,*,
75.808,TAGUATINGA,SETOR D SUL QSD 19 LT 1,SETOR D SUL,QSD 19,*,LT 1,300,308,CSIIR 1 NO,CSIIR 1 NO,CSIIR 1 NO,0,700,a≤700,2,"2,5",100,*,"15,5",*,*,*,*,*,NÃO INFORMADO,PONTO MÉDIO DA TESTADA FRONTAL,NÃO,PERMITIDO TIPO 1,NÃO INFORMADO,*,
78.097,TAGUATINGA,SETOR A SUL QSA 11 LT 5,SETOR A SUL,QSA 11,*,LT 5,310,322,CSIIR 2,CSIIR 2,CSIIR 2,180,1.000,180<a≤1000,2,3,100,*,"36,5",*,*,*,*,*,NÃO INFORMADO,PONTO MÉDIO DA TESTADA FRONTAL,SIM,PERMITIDO TIPO 1,OBRIGATÓRIO,*,
79.106,TAGUATINGA,SETOR L NORTE QNL 14 VIA LN 29 LT 22,SETOR L NORTE,QNL 14,VIA LN 29,LT 22,"155,44",308,CSIIR 1 NO,CSIIR 1 NO,CSIIR 1 NO,0,700,a≤700,2,"2,5",100,*,"15,5",*,*,*,*,*,NÃO INFORMADO,PONTO MÉDIO DA TESTADA FRONTAL,NÃO,PERMITIDO TIPO 1,NÃO INFORMADO,*,
80.246,TAGUATINGA,SETOR D SUL QSD 2 LT 17,SETOR D SUL,QSD 2,*,LT 17,300,315,CSIIR 2 NO,CSIIR 2 NO,CSIIR 2 NO,0,500,a≤500,2,3,100,*,"15,5",*,*,*,*,*,NÃO INFORMADO,PONTO MÉDIO DA TESTADA FRONTAL,NÃO,PERMITIDO TIPO 1,NÃO INFORMADO,*,